,model_names,instance_scores,episodic_scores,vicinity_3,vicinity_6,success_3,success_6
0,llava_adapter_optimized_prompt_4_ep,0.25767665556788755,0.0,0.2204861111111111,0.46875,0.2204861111111111,0.46875
1,llava_adapter_naive_prompt,0.10654827968923418,1.0,0.15625,0.5746527777777778,0.15625,0.5746527777777778
2,llava_base_optimized_prompt,0.25767665556788755,0.0,0.2204861111111111,0.46875,0.2204861111111111,0.46875
3,llava_base_gpt_prompt,0.12042175360710322,0.9010416666666666,0.1371527777777778,0.515625,0.1423611111111111,0.53125
4,llava_base_naive_prompt,0.10654827968923418,1.0,0.15625,0.5746527777777778,0.15625,0.5746527777777778
5,random,0.19755826859045506,0.7916666666666666,0.1840277777777778,0.5607638888888888,0.1875,0.5625
